id;login;password_hash;first_name;last_name;email;image_url;activated;lang_key;created_by;last_modified_by
1;system;$2a$10$mE.qmcV0mFU5NcKh73TZx.z4ueI/.bDWbj0T1BYyqP481kGGarKLG;System;System;system@localhost;;true;fr;system;system
2;anonymoususer;$2a$10$j8S5d7Sr7.8VTOYNviDPOeWX8KcYILUVJBsYV83Y5NtECayypx9lO;Anonymous;User;anonymous@localhost;;true;fr;system;system
3;admin;$2a$10$gSAhZrxMllrbgj/kkK9UceBPpChGWJA7SYIb1Mqo.n5aNLq1/oRrC;Administrator;Administrator;admin@localhost;;true;fr;system;system
4;user;$2a$10$VEjxo0jq2YG9Rbk2HmX9S.k1uZBGYUHdUcid3g/vfiEl7lwWgOH/K;User;User;user@localhost;;true;fr;system;system

5;akka;$2a$10$VEjxo0jq2YG9Rbk2HmX9S.k1uZBGYUHdUcid3g/vfiEl7lwWgOH/K;Akka;Zemmari;akka@localhost;;true;fr;system;system
6;agastya;$2a$10$VEjxo0jq2YG9Rbk2HmX9S.k1uZBGYUHdUcid3g/vfiEl7lwWgOH/K;Agastya;Catapoule-Kichenassamy;agastya@localhost;;true;fr;system;system
7;christophe;$2a$10$VEjxo0jq2YG9Rbk2HmX9S.k1uZBGYUHdUcid3g/vfiEl7lwWgOH/K;Christophe;Maillet;christophe@localhost;;true;fr;system;system
8;jenny;$2a$10$VEjxo0jq2YG9Rbk2HmX9S.k1uZBGYUHdUcid3g/vfiEl7lwWgOH/K;Jenny;Benois-Pineau;jenny@localhost;;true;fr;system;system
9;sofian;$2a$10$VEjxo0jq2YG9Rbk2HmX9S.k1uZBGYUHdUcid3g/vfiEl7lwWgOH/K;Sofian;Maabout;sofian@localhost;;true;fr;system;system
10;pamela;$2a$10$VEjxo0jq2YG9Rbk2HmX9S.k1uZBGYUHdUcid3g/vfiEl7lwWgOH/K;Pamela;Baillette;pamela@localhost;;true;fr;system;system

11;selma;$2a$10$VEjxo0jq2YG9Rbk2HmX9S.k1uZBGYUHdUcid3g/vfiEl7lwWgOH/K;Selma;Admane;selma@localhost;;true;fr;system;system
12;sifaye;$2a$10$VEjxo0jq2YG9Rbk2HmX9S.k1uZBGYUHdUcid3g/vfiEl7lwWgOH/K;Sifaye;Aidara;sifaye@localhost;;true;fr;system;system
13;zenabe;$2a$10$VEjxo0jq2YG9Rbk2HmX9S.k1uZBGYUHdUcid3g/vfiEl7lwWgOH/K;Zenabe;Akbaraly;zenabe@localhost;;true;fr;system;system
14;audrey;$2a$10$VEjxo0jq2YG9Rbk2HmX9S.k1uZBGYUHdUcid3g/vfiEl7lwWgOH/K;Audrey;Balat;audrey@localhost;;true;fr;system;system
15;adam;$2a$10$VEjxo0jq2YG9Rbk2HmX9S.k1uZBGYUHdUcid3g/vfiEl7lwWgOH/K;Adam;Benattou;adam@localhost;;true;fr;system;system
16;damien;$2a$10$VEjxo0jq2YG9Rbk2HmX9S.k1uZBGYUHdUcid3g/vfiEl7lwWgOH/K;Damien;Berrouet;damien@localhost;;true;fr;system;system
17;yonnel;$2a$10$VEjxo0jq2YG9Rbk2HmX9S.k1uZBGYUHdUcid3g/vfiEl7lwWgOH/K;Yonnel;Berwit;yonnel@localhost;;true;fr;system;system
18;tiffany;$2a$10$VEjxo0jq2YG9Rbk2HmX9S.k1uZBGYUHdUcid3g/vfiEl7lwWgOH/K;Tiffany;Bureau;tiffany@localhost;;true;fr;system;system
19;clement;$2a$10$VEjxo0jq2YG9Rbk2HmX9S.k1uZBGYUHdUcid3g/vfiEl7lwWgOH/K;Clément;Castagnede;clement@localhost;;true;fr;system;system
20;ludwig;$2a$10$VEjxo0jq2YG9Rbk2HmX9S.k1uZBGYUHdUcid3g/vfiEl7lwWgOH/K;Ludwig;Chamouleau;ludwig@localhost;;true;fr;system;system
21;adrien;$2a$10$VEjxo0jq2YG9Rbk2HmX9S.k1uZBGYUHdUcid3g/vfiEl7lwWgOH/K;Adrien;Chinour;adrien@localhost;;true;fr;system;system
22;joris;$2a$10$VEjxo0jq2YG9Rbk2HmX9S.k1uZBGYUHdUcid3g/vfiEl7lwWgOH/K;Joris;Cipolato;joris@localhost;;true;fr;system;system
23;alexandre;$2a$10$VEjxo0jq2YG9Rbk2HmX9S.k1uZBGYUHdUcid3g/vfiEl7lwWgOH/K;Alexandre;Dauphole;alexandre@localhost;;true;fr;system;system
24;amaury;$2a$10$VEjxo0jq2YG9Rbk2HmX9S.k1uZBGYUHdUcid3g/vfiEl7lwWgOH/K;Amaury;Deguilhem;amaury@localhost;;true;fr;system;system
25;elea;$2a$10$VEjxo0jq2YG9Rbk2HmX9S.k1uZBGYUHdUcid3g/vfiEl7lwWgOH/K;Éléa;Denizot;elea@localhost;;true;fr;system;system
26;gustave;$2a$10$VEjxo0jq2YG9Rbk2HmX9S.k1uZBGYUHdUcid3g/vfiEl7lwWgOH/K;Gustave;De Ponton D'Amecourt;gustave@localhost;;true;fr;system;system
27;julien;$2a$10$VEjxo0jq2YG9Rbk2HmX9S.k1uZBGYUHdUcid3g/vfiEl7lwWgOH/K;Julien;Duluc;julien@localhost;;true;fr;system;system
28;brahim;$2a$10$VEjxo0jq2YG9Rbk2HmX9S.k1uZBGYUHdUcid3g/vfiEl7lwWgOH/K;Brahim;El-Ouardani;brahim@localhost;;true;fr;system;system
29;maroua;$2a$10$VEjxo0jq2YG9Rbk2HmX9S.k1uZBGYUHdUcid3g/vfiEl7lwWgOH/K;Maroua;Essaid;maroua@localhost;;true;fr;system;system
30;anna;$2a$10$VEjxo0jq2YG9Rbk2HmX9S.k1uZBGYUHdUcid3g/vfiEl7lwWgOH/K;Anna;Herrera;anna@localhost;;true;fr;system;system
31;marine;$2a$10$VEjxo0jq2YG9Rbk2HmX9S.k1uZBGYUHdUcid3g/vfiEl7lwWgOH/K;Marine;Hivon;marine@localhost;;true;fr;system;system
32;claireelise;$2a$10$VEjxo0jq2YG9Rbk2HmX9S.k1uZBGYUHdUcid3g/vfiEl7lwWgOH/K;Claire-Élise;Hochet;claireelise@localhost;;true;fr;system;system
33;stephanie;$2a$10$VEjxo0jq2YG9Rbk2HmX9S.k1uZBGYUHdUcid3g/vfiEl7lwWgOH/K;Stéphanie;Hubert;stephanie@localhost;;true;fr;system;system
34;paul;$2a$10$VEjxo0jq2YG9Rbk2HmX9S.k1uZBGYUHdUcid3g/vfiEl7lwWgOH/K;Paul;Jacquit;paul@localhost;;true;fr;system;system
35;abdelhamid;$2a$10$VEjxo0jq2YG9Rbk2HmX9S.k1uZBGYUHdUcid3g/vfiEl7lwWgOH/K;Abdelhamid;Elmansour;abdelhamid@localhost;;true;fr;system;system
36;mohammed;$2a$10$VEjxo0jq2YG9Rbk2HmX9S.k1uZBGYUHdUcid3g/vfiEl7lwWgOH/K;Mohammed;Kadi;mohammed@localhost;;true;fr;system;system
37;edward;$2a$10$VEjxo0jq2YG9Rbk2HmX9S.k1uZBGYUHdUcid3g/vfiEl7lwWgOH/K;Edward;Kibble;edward@localhost;;true;fr;system;system
38;florent;$2a$10$VEjxo0jq2YG9Rbk2HmX9S.k1uZBGYUHdUcid3g/vfiEl7lwWgOH/K;Florent;Kirch;florent@localhost;;true;fr;system;system
39;anthony;$2a$10$VEjxo0jq2YG9Rbk2HmX9S.k1uZBGYUHdUcid3g/vfiEl7lwWgOH/K;Anthony;Labat;anthony@localhost;;true;fr;system;system
40;alban;$2a$10$VEjxo0jq2YG9Rbk2HmX9S.k1uZBGYUHdUcid3g/vfiEl7lwWgOH/K;Alban;Lamoureux;alban@localhost;;true;fr;system;system
41;mathieuL;$2a$10$VEjxo0jq2YG9Rbk2HmX9S.k1uZBGYUHdUcid3g/vfiEl7lwWgOH/K;Mathieu;Leothaud;mathieuL@localhost;;true;fr;system;system
42;nathan;$2a$10$VEjxo0jq2YG9Rbk2HmX9S.k1uZBGYUHdUcid3g/vfiEl7lwWgOH/K;Nathan;Mari;nathan@localhost;;true;fr;system;system
43;clara;$2a$10$VEjxo0jq2YG9Rbk2HmX9S.k1uZBGYUHdUcid3g/vfiEl7lwWgOH/K;Clara;Molia;clara@localhost;;true;fr;system;system
44;maxime;$2a$10$VEjxo0jq2YG9Rbk2HmX9S.k1uZBGYUHdUcid3g/vfiEl7lwWgOH/K;Maxime;Monge;maxime@localhost;;true;fr;system;system
45;lilia;$2a$10$VEjxo0jq2YG9Rbk2HmX9S.k1uZBGYUHdUcid3g/vfiEl7lwWgOH/K;Lilia;Nait-Amara;lilia@localhost;;true;fr;system;system
46;nicolas;$2a$10$VEjxo0jq2YG9Rbk2HmX9S.k1uZBGYUHdUcid3g/vfiEl7lwWgOH/K;Nicolas;Preveraud;nicolas@localhost;;true;fr;system;system
47;baptiste;$2a$10$VEjxo0jq2YG9Rbk2HmX9S.k1uZBGYUHdUcid3g/vfiEl7lwWgOH/K;Baptiste;Prieto;baptiste@localhost;;true;fr;system;system
48;ezekiela;$2a$10$VEjxo0jq2YG9Rbk2HmX9S.k1uZBGYUHdUcid3g/vfiEl7lwWgOH/K;Ezekiela;Rakotoarijaona;ezekiela@localhost;;true;fr;system;system
49;aymeric;$2a$10$VEjxo0jq2YG9Rbk2HmX9S.k1uZBGYUHdUcid3g/vfiEl7lwWgOH/K;Aymeric;Ravaine;aymeric@localhost;;true;fr;system;system
50;valentine;$2a$10$VEjxo0jq2YG9Rbk2HmX9S.k1uZBGYUHdUcid3g/vfiEl7lwWgOH/K;Valentine;Renaud;valentine@localhost;;true;fr;system;system
51;mathieuR;$2a$10$VEjxo0jq2YG9Rbk2HmX9S.k1uZBGYUHdUcid3g/vfiEl7lwWgOH/K;Mathieu;Reviron;mathieuR@localhost;;true;fr;system;system
52;edwin;$2a$10$VEjxo0jq2YG9Rbk2HmX9S.k1uZBGYUHdUcid3g/vfiEl7lwWgOH/K;Edwin;Lebreton;edwin@localhost;;true;fr;system;system
53;labinot;$2a$10$VEjxo0jq2YG9Rbk2HmX9S.k1uZBGYUHdUcid3g/vfiEl7lwWgOH/K;Labinot;Rudari;labinot@localhost;;true;fr;system;system
54;lamine;$2a$10$VEjxo0jq2YG9Rbk2HmX9S.k1uZBGYUHdUcid3g/vfiEl7lwWgOH/K;Lamine;Sal;lamine@localhost;;true;fr;system;system
55;oubeyy;$2a$10$VEjxo0jq2YG9Rbk2HmX9S.k1uZBGYUHdUcid3g/vfiEl7lwWgOH/K;Oubeyy;Shah;oubeyy@localhost;;true;fr;system;system
56;dylan;$2a$10$VEjxo0jq2YG9Rbk2HmX9S.k1uZBGYUHdUcid3g/vfiEl7lwWgOH/K;Dylan;Sostac;dylan@localhost;;true;fr;system;system
57;diane;$2a$10$VEjxo0jq2YG9Rbk2HmX9S.k1uZBGYUHdUcid3g/vfiEl7lwWgOH/K;Diane;Talon;diane@localhost;;true;fr;system;system
58;thibaut;$2a$10$VEjxo0jq2YG9Rbk2HmX9S.k1uZBGYUHdUcid3g/vfiEl7lwWgOH/K;Thibaut;Vanacker;thibaut@localhost;;true;fr;system;system
59;shiyi;$2a$10$VEjxo0jq2YG9Rbk2HmX9S.k1uZBGYUHdUcid3g/vfiEl7lwWgOH/K;Shiyi;Yang;shiyi@localhost;;true;fr;system;system
60;jerome;$2a$10$VEjxo0jq2YG9Rbk2HmX9S.k1uZBGYUHdUcid3g/vfiEl7lwWgOH/K;Jérôme;Yubero;jerome@localhost;;true;fr;system;system
